{
  "train": {
    "split": "Training",
    "accuracy": 0.7574882416040928,
    "log_loss": 0.594181225619628,
    "brier_score": 0.20434440649857977,
    "precision_over": 0.7577203445990722,
    "recall_over": 0.8372876391329819,
    "f1_over": 0.7955193766089195,
    "precision_under": 0.7571053782247485,
    "recall_under": 0.6545076545076545,
    "f1_under": 0.7020780537252914
  },
  "val": {
    "split": "Validation",
    "accuracy": 0.5422818791946309,
    "log_loss": 0.6446893881609175,
    "brier_score": 0.2287910775599375,
    "precision_over": 0.6023468057366362,
    "recall_over": 0.5506555423122765,
    "f1_over": 0.5753424657534246,
    "precision_under": 0.4785615491009682,
    "recall_under": 0.5314900153609831,
    "f1_under": 0.5036390101892285
  },
  "test": {
    "split": "Test",
    "accuracy": 0.5705596107055961,
    "log_loss": 0.646583567722934,
    "brier_score": 0.22922800300771198,
    "precision_over": 0.6071044133476857,
    "recall_over": 0.6232044198895028,
    "f1_over": 0.6150490730643402,
    "precision_under": 0.5230769230769231,
    "recall_under": 0.5060893098782138,
    "f1_under": 0.5144429160935351
  },
  "roi_validation": {
    "0.5": {
      "n_bets": 1490,
      "n_over_bets": 767,
      "n_under_bets": 723,
      "wins": 808,
      "win_rate": 0.5422818791946309,
      "profit": 52.55280000000005,
      "roi": 3.527033557046983
    },
    "0.55": {
      "n_bets": 596,
      "n_over_bets": 374,
      "n_under_bets": 222,
      "wins": 372,
      "win_rate": 0.6241610738255033,
      "profit": 114.18520000000001,
      "roi": 19.15859060402685
    },
    "0.6": {
      "n_bets": 213,
      "n_over_bets": 213,
      "n_under_bets": 0,
      "wins": 199,
      "win_rate": 0.9342723004694836,
      "profit": 166.9109,
      "roi": 78.36192488262911
    },
    "0.65": {
      "n_bets": 213,
      "n_over_bets": 213,
      "n_under_bets": 0,
      "wins": 199,
      "win_rate": 0.9342723004694836,
      "profit": 166.9109,
      "roi": 78.36192488262911
    },
    "0.7": {
      "n_bets": 213,
      "n_over_bets": 213,
      "n_under_bets": 0,
      "wins": 199,
      "win_rate": 0.9342723004694836,
      "profit": 166.9109,
      "roi": 78.36192488262911
    }
  },
  "roi_test": {
    "0.5": {
      "n_bets": 1644,
      "n_over_bets": 929,
      "n_under_bets": 715,
      "wins": 938,
      "win_rate": 0.5705596107055961,
      "profit": 146.73580000000004,
      "roi": 8.925535279805356
    },
    "0.55": {
      "n_bets": 609,
      "n_over_bets": 404,
      "n_under_bets": 205,
      "wins": 397,
      "win_rate": 0.6518883415435139,
      "profit": 148.91270000000003,
      "roi": 24.452003284072255
    },
    "0.6": {
      "n_bets": 236,
      "n_over_bets": 236,
      "n_under_bets": 0,
      "wins": 209,
      "win_rate": 0.885593220338983,
      "profit": 163.0019,
      "roi": 69.06860169491526
    },
    "0.65": {
      "n_bets": 235,
      "n_over_bets": 235,
      "n_under_bets": 0,
      "wins": 209,
      "win_rate": 0.8893617021276595,
      "profit": 164.0019,
      "roi": 69.78804255319149
    },
    "0.7": {
      "n_bets": 234,
      "n_over_bets": 234,
      "n_under_bets": 0,
      "wins": 209,
      "win_rate": 0.8931623931623932,
      "profit": 165.0019,
      "roi": 70.51363247863249
    }
  },
  "feature_importance": {
    "prop_type": 63.01097491503439,
    "opponent_team": 13.376942339784737,
    "player_name": 11.769585529124914,
    "is_home": 3.0793038055678332,
    "line_vs_season": 2.725558384225971,
    "line_vs_recent": 1.2680640344690375,
    "closing_line": 0.9658317144919265,
    "games_played": 0.9230395496405923,
    "is_b2b": 0.8460115746638902,
    "last_5_avg": 0.771603151411112,
    "form_trend": 0.5642270891029432,
    "season_avg": 0.29891635152252843,
    "last_10_avg": 0.21808406646042822,
    "minutes_avg": 0.18185749449967123,
    "days_rest": 0.0
  },
  "best_iteration": 29
}